id,prob
E10559,0.2726902619749548
E4849,0.8575553697078543
E3964,0.8569236018731431
E542,0.8108988557854494
E331,0.9094420262403449
E10471,0.9957345356564663
E9186,0.07819884597735309
E5576,0.0723693632237192
E9705,0.1283480833791725
E7309,0.9120627799856138
E476,0.3478346775407997
E5217,0.6273472441290623
E7653,0.7131877050283988
E1530,0.062129882508702126
E10379,0.12692386550344134
E1516,0.6543847343802062
E9418,0.4125052554964641
E9388,0.15420629292678403
E10737,0.8002575811801211
E5290,0.9720926737901228
E6010,0.1733015922326304
E4307,0.1368951697934603
E4548,0.8307206050450554
E3030,0.8352967703887499
E68,0.14941184856273973
E5739,0.9741625346357028
E2394,0.09130254314742176
E3629,0.8561711946040956
E8652,0.9810334913868973
E5779,0.503411858038544
E10269,0.8791836300384923
E7456,0.40331560670681144
E9199,0.7638077409685
E1606,0.9854314140690692
E9077,0.9373589319486494
E9576,0.08824862447185565
E2810,0.8640794624311454
E1091,0.9266378840890582
E2755,0.2171205107922519
E1405,0.13673082282458707
E2213,0.05503397283689426
E1321,0.23030300906990495
E10797,0.0840166226114956
E7340,0.10982575429254537
E9659,0.7446483151108756
E1678,0.8689702218961145
E9591,0.20095407355164216
E6377,0.4723776991668997
E10130,0.12346777957360712
E5582,0.03410702619373239
E9510,0.10021983429610852
E4237,0.15576295480252328
E10470,0.9915253904347138
E7528,0.9923766658921175
E2567,0.13796713953619166
E6083,0.17774994418438167
E6735,0.9911266209693825
E6800,0.16463186776747138
E2293,0.19178736141427652
E1633,0.03745372770236727
E10659,0.9424013132837719
E543,0.1655253964837631
E7177,0.04723954482690974
E4126,0.09450449486856065
E2850,0.13336899163039648
E2078,0.3930164508391679
E5746,0.4592438070788099
E2445,0.9999058974982983
E2958,0.06951498827775765
E3497,0.17072690698365062
E5069,0.5184097520366121
E8995,0.06545147840324912
E8220,0.9919305814645317
E4354,0.5055540284978265
E7578,0.10105513735198021
E2122,0.23104250989983427
E6661,0.12774012998705261
E2582,0.4597127009278155
E1836,0.1391622991049476
E7881,0.9836596973107095
E6685,0.7866058692708504
E113,0.09307954794466858
E1161,0.07529006184181075
E8062,0.05518515072137217
E5637,0.1932309762715377
E4470,0.9999267935027351
E6905,0.9981326083546023
E7553,0.8832297234431541
E7773,0.7910027908859509
E1991,0.24442978162525347
E3997,0.7479267702506088
E5326,0.635504003472368
E3076,0.17319977450330723
E2018,0.547370787975993
E594,0.07707506707928329
E2971,0.15866434940886256
E6692,0.7895248754474311
E3383,0.9760323241703879
E8755,0.3528483220485461
E1494,0.9908056823315029
E7725,0.5468417738276828
E8265,0.06494341051746082
E8021,0.1611178031896204
E7110,0.4117088441193236
E8495,0.9960581804424229
E6551,0.10753344705457762
E10716,0.20248640117545666
E9434,0.10234360449407766
E2128,0.33731327940777595
E8123,0.2753869165287244
E1658,0.9879254527158075
E7504,0.10174150160150304
E8552,0.1597860603949507
E798,0.1291844624462769
E5976,0.9843486108909683
E6501,0.1329705288464073
E8648,0.27208803534148773
E7213,0.7057530708431536
E6667,0.5020537451979894
E6701,0.48754499679641183
E4011,0.47825895501344073
E6880,0.0606579200661965
E2679,0.7517171742427229
E10280,0.4132846369441788
E6213,0.9967585350017397
E7717,0.814614725253851
E5342,0.06657500326703131
E3783,0.9970832888875532
E4763,0.6629933346844724
E8563,0.534471411538786
E8256,0.16252308263538814
E7562,0.13286677181505993
E8807,0.9997442153867331
E1160,0.10953610553634255
E6757,0.22824316975496217
E4130,0.803735082586876
E10778,0.06333722227791547
E6789,0.041164489534020444
E1448,0.10381000939089105
E1869,0.8069098688642479
E10537,0.1382290279623872
E8348,0.061024544632535975
E5158,0.7354585999824501
E5939,0.7893963614139149
E10623,0.14817486517479792
E4941,0.6444661690075991
E9068,0.7769422660502577
E9894,0.8100077210990652
E1121,0.998412155102301
E5634,0.8949872855713396
E3890,0.09447401827405641
E10467,0.4715059493843954
E3728,0.9998434496121925
E3943,0.11695172009922232
E6303,0.10439216527791982
E9052,0.20578493272823684
E533,0.8998143448497635
E132,0.0942573460500244
E1580,0.2874844199589453
E4034,0.36617687017378814
E9422,0.9892851684835542
E2575,0.12718842115038975
E1043,0.2587687541765437
E8480,0.07909057590122745
E10111,0.04965775020623964
E330,0.11904264874263717
E7838,0.23848851634967802
E9529,0.3211741898307517
E5397,0.03840615005095465
E6862,0.15204522362390674
E3740,0.991803989990632
E118,0.5832588208672815
E8133,0.03441910715877389
E8441,0.8998423683168849
E4814,0.12723470622949618
E5592,0.7975938618613163
E4117,0.08812265204562211
E7793,0.25295564469476234
E2368,0.04586190842719341
E9954,0.28477601278101294
E10307,0.668604007673927
E7729,0.9949581692875548
E1123,0.1864392787066144
E5155,0.16244907555428145
E5224,0.38838677160640755
E2789,0.9856588453018755
E8483,0.09443932973609619
E10552,0.0708400715030084
E8884,0.9766150626557347
E10377,0.38887884079464763
E10193,0.17758363288480034
E5811,0.6868422137380681
E8541,0.25050627327814223
E486,0.8231145177231227
E8888,0.5448543421667821
E6532,0.9943301396075734
E4165,0.8528750595943144
E3160,0.3602224760065467
E982,0.6811866480971066
E5505,0.9634421463678745
E741,0.4386803706965103
E8115,0.9888464644618473
E7410,0.2987223862482301
E687,0.13516451636734725
E10385,0.9994771506850463
E3446,0.08438503296035768
E1295,0.20242482556439723
E10695,0.06428166082769186
E4417,0.08734923816726499
E5099,0.14021527494882197
E8638,0.21132762671901975
E8886,0.18195042622096208
E398,0.8474926136759244
E7150,0.12045998587385333
E7724,0.019591440960701572
E2655,0.5045413455223099
E9266,0.5512699210259702
E7954,0.13530223908204292
E3814,0.22359674432310575
E2045,0.08461595279692839
E1948,0.41136223840986297
E637,0.23474028230558028
E4060,0.1751605594436031
E2249,0.9798683717138521
E4486,0.1241255524485059
E7770,0.6948498975444296
E6717,0.5563037820625196
E10268,0.07762376739928062
E2382,0.5695667674608904
E4614,0.91897414750256
E4396,0.16617121144390995
E9562,0.16294863856435762
E7088,0.8054650284329652
E1890,0.856411084608968
E1764,0.2084345903605902
E9819,0.843811105785708
E4640,0.12022880601318095
E8385,0.8405150717938944
E2514,0.33000655870585055
E8377,0.41879286568628604
E3496,0.8358233638223892
E1432,0.07056993636705355
E8278,0.12544022253149684
E8219,0.08440592495791856
E380,0.7865063420898686
E416,0.7843805985577588
E7152,0.7508659308618205
E1463,0.06803688847189239
E7247,0.4140496885145474
E3418,0.2671207090153188
E8092,0.2663663338973386
E4181,0.3295513674038969
E10669,0.7986653899920785
E6786,0.6313647696819107
E3287,0.17567752987253415
E8885,0.0989597064796908
E7338,0.13527084757839686
E4890,0.9999156476819197
E8264,0.4754427267222708
E5638,0.06906453982142391
E5846,0.7095176016646693
E1646,0.36376576744423295
E8763,0.9986224633649979
E3816,0.48668149049442194
E6732,0.2381599631532869
E1303,0.9864895904096346
E9350,0.02114549834056145
E10419,0.7011308028274114
E4563,0.10343871297312406
E647,0.5466241530343527
E344,0.10508899249560966
E9536,0.6637590036121302
E2617,0.07762226522110689
E10825,0.9059697678554532
E1078,0.998493062232734
E6851,0.8296507503619723
E8879,0.5571008462787627
E6705,0.2761224686300198
E4207,0.1403843086878429
E4483,0.13039094854928757
E9584,0.23609704375070348
E9846,0.1164886802013601
E9459,0.7829287042106104
E1668,0.35981697495370857
E4090,0.1971392592457942
E6989,0.36551097771863866
E564,0.7484119381454458
E9169,0.40406132887370044
E5313,0.8458808183042559
E2354,0.18031669001682002
E5456,0.17463215864731418
E3361,0.1096373516237705
E9856,0.09697458938682862
E6670,0.5978956302340883
E4170,0.9427366807369058
E7122,0.3269629141624018
E3031,0.0758067344726988
E6175,0.9983641338469913
E4828,0.29390913992797507
E817,0.7672819914947986
E7319,0.9963508817987141
E9935,0.14043578882077254
E4198,0.13922600371424557
E5379,0.7473856874317426
E9930,0.534704351323206
E3910,0.44952067014544794
E9816,0.4079506496601258
E6957,0.6760959792235215
E10243,0.04919688430094824
E4518,0.13292404128372529
E9633,0.2913850529061898
E3538,0.987845657148716
E2286,0.6218108034974814
E402,0.718803434348569
E5129,0.9000624880938692
E4101,0.17919195343250285
E3255,0.5328241267608088
E5177,0.8968034136594174
E10847,0.9912620297778546
E2008,0.5569136131311172
E3681,0.21351383564904935
E3359,0.747810940028945
E3636,0.38268339945713015
E2480,0.07138136028421278
E8321,0.08207667524237665
E1642,0.7236498501963974
E8054,0.062492448768313204
E5026,0.7366266252362829
E1942,0.9919493762813595
E9332,0.5471154176678448
E5820,0.9688826203333524
E112,0.8964457235594836
E7151,0.9068924526374056
E7897,0.1391641413389837
E4685,0.9868385265083066
E7427,0.9921491979598548
E5077,0.16809842226817054
E9841,0.10520867466505558
E5903,0.6608330397118881
E6297,0.9772606595114549
E8018,0.9266378840890582
E5032,0.3153401391888842
E9927,0.10703549791242441
E5135,0.2373842986428084
E7852,0.07348780850620401
E231,0.8246601430065578
E3393,0.9631915170133495
E3017,0.979819457551105
E9673,0.16507848392130403
E1172,0.9931787075419404
E6126,0.7643760583355182
E1470,0.3422040991384768
E8896,0.06353812763022507
E3161,0.8377517356385566
E3472,0.21637456210721379
E2167,0.10902709752789196
E2636,0.12527123668567305
E8149,0.6272507564138982
E9090,0.21363855608664425
E6847,0.9555175762923642
E2786,0.6676295136736786
E9972,0.99964568996853
E10107,0.7468118525911904
E3113,0.6969009123149015
E6044,0.13959839240926253
E6075,0.12406733383705641
E5686,0.14668859060784295
E576,0.9898755327252022
E8605,0.2169359100423295
E9563,0.9748257849307085
E8551,0.16477901315250598
E1959,0.1794092268919834
E379,0.9999770245697984
E215,0.6307955481046684
E2899,0.1873066306920717
E5092,0.1089913436181159
E8581,0.14172659747892913
E407,0.8821755836131594
E5325,0.07165950069344951
E8198,0.35624921529970827
E10722,0.1445576112415872
E7543,0.1445947342871384
E5393,0.3397920967331157
E10077,0.04552800958112441
E7679,0.9992263083837173
E10621,0.12763056211437998
E9672,0.9987445051305165
E4168,0.9979694103402404
E1340,0.7112933318875712
E5498,0.4253311726322964
E4826,0.250389435668873
E3632,0.15789111579153361
E9797,0.9246365707827413
E9581,0.6634575901829202
E7235,0.11406702894586074
E8968,0.7374778957434519
E8842,0.3115602898287424
E4905,0.09484085110843274
E6544,0.8462778108611589
E6785,0.5326639141923268
E10443,0.07773278046240754
E5131,0.9928946929655948
E7879,0.6334816189150304
E226,0.7831788485820762
E2087,0.7681757424547401
E8023,0.3890458043824882
E6833,0.9839295579259029
E10586,0.12789028533767652
E5192,0.9912197513401012
E1223,0.1446824722669893
E10350,0.16256894107108014
E6395,0.5058702958027402
E8309,0.050737016831123825
E9958,0.07664601487731448
E8486,0.7956578351054947
E8378,0.12365367748789961
E4988,0.9917002156285397
E9014,0.9986152078510512
E3392,0.21090390692620284
E8493,0.2974714086874969
E5838,0.07738231043636497
E9295,0.11398906135028675
E5932,0.9991562179736575
E176,0.9019207975931088
E1795,0.35830665905075904
E6864,0.5769201930401947
E1578,0.6723098998850854
E8815,0.9985074923689875
E1280,0.15382337588609957
E8566,0.9372259895734893
E78,0.34119171380123026
E6884,0.6893514545777896
E2651,0.8719392704633059
E6771,0.25680286803369606
E1053,0.8269984660484218
E7258,0.9972657815403161
E7447,0.13932213535900556
E8518,0.813566706233577
E3787,0.12728704409030778
E10426,0.13482332031234917
E6454,0.2052388872935137
E1420,0.24941100439580502
E7043,0.09347184424538038
E8085,0.08247112912632223
E4512,0.6289847124718647
E3692,0.0651525704432227
E185,0.640972234662431
E8415,0.15144652800924535
E7100,0.999608710548843
E7943,0.07903849578237361
E2820,0.8728817003909786
E1479,0.9824482647857651
E10025,0.8553696832565426
E1439,0.024631630538258082
E7166,0.1540562827026654
E3685,0.26591697625969585
E6442,0.31011908397590615
E5688,0.15199034783213095
E5565,0.07576358361761236
E2486,0.15634331744069122
E10689,0.9998436671033817
E10331,0.9999006319813508
E1785,0.12848464449461325
E50,0.9834573089054571
E2609,0.5351587237643194
E7228,0.12084087380098311
E1055,0.15269011839165467
E4306,0.16307361671147785
E9291,0.996307299771489
E317,0.1817593344214057
E5867,0.6572908934297732
E874,0.5122225974602365
E7027,0.9753038876349706
E8992,0.9520413798694118
E6380,0.319350759822243
E9269,0.7315025043109801
E501,0.7699057244102273
E971,0.5997334480795338
E6588,0.42521068556414143
E6545,0.9425505681628706
E10626,0.32529440249006747
E3134,0.09067746767270056
E4650,0.10281075912044176
E3992,0.5181345493505422
E4522,0.7905569370774858
E512,0.7120266577197502
E2459,0.663864951648082
E349,0.24562912779009818
E2547,0.940056836822272
E8112,0.9982263983443602
E493,0.09455732957766354
E10769,0.07614575996707625
E10300,0.9006392229116497
E9007,0.23252061758994244
E281,0.1711297288772394
E6489,0.6686293245307351
E5485,0.8530326499236838
E4173,0.9971022008483975
E1566,0.6072133107730248
E10407,0.1618050728382155
E560,0.16762278765155322
E2932,0.08599752670291289
E8166,0.9977728889603599
E7355,0.1686766925129791
E705,0.8941498665872235
E6017,0.9914520221079525
E3186,0.9599569035242181
E2921,0.21853221758666885
E7386,0.998434690280672
E7926,0.9923503737431987
E76,0.4671646862091331
E6718,0.7126944487660684
E7072,0.2997849497831161
E7860,0.35967824659383624
E5785,0.28148394166581314
E4745,0.16409623506343
E3061,0.9954342338465872
E1217,0.8312509813020506
E3719,0.7781785046969709
E436,0.9957265588610948
E7429,0.8221908446984699
E844,0.03946230729888003
E6919,0.9984442039545504
E9385,0.9998369401808277
E9141,0.7392288195837639
E10500,0.6656693897412884
E3919,0.1886115870454164
E3861,0.7653988185862017
E10488,0.2339529352875675
E3748,0.6306880851863202
E9168,0.9864380800473953
E9853,0.9928464121994679
E7503,0.25340886033106474
E7671,0.09588258259438437
E1069,0.2157596986102527
E8950,0.10310359772825646
E2709,0.9995397294544424
E5402,0.36551097771863866
E961,0.3781525504166359
E723,0.9863702627991483
E7686,0.06351553285110532
E5594,0.9787092314572241
E5018,0.7435340307554683
E7974,0.9977367951901281
E3665,0.5236166062252374
E9977,0.33237022180072606
E2396,0.096667714193765
E6976,0.6298591270128947
E10286,0.08739606267229416
E7669,0.14169039327115357
E5049,0.198098975636325
E6433,0.8364970259878188
E4205,0.11435159337942045
E7314,0.08459916784202931
E7596,0.9879332997308199
E1907,0.9905881547881626
E6255,0.10465620447749278
E125,0.9906793221719824
E7996,0.4820295551661682
E8545,0.10894800812067433
E2466,0.996709088878058
E9985,0.30402340433308367
E4184,0.16304400793848942
E2551,0.9984057037054419
E10783,0.03919753078504284
E1122,0.016426588815143108
E7581,0.32514630672161987
E972,0.9972719012957614
E2744,0.9007578287012385
E3549,0.169156586329821
E8699,0.06859235890048762
E5723,0.9999227235196952
E5106,0.4651499679708072
E3154,0.9210734049893335
E122,0.15292032229847188
E1179,0.9819210282106675
E4627,0.44008572203417035
E864,0.7945590062702795
E9915,0.033882291092976545
E9479,0.18356491814217177
E5827,0.40980232244273734
E3746,0.13258860721604376
E8505,0.9978802006861082
E9560,0.14006152994522367
E4221,0.8611000601723569
E569,0.617017592602223
E9886,0.21752649220529152
E5270,0.4420131554809833
E6899,0.9985018415200697
E10337,0.09304698875341666
E8391,0.07346691901088062
E1960,0.2391639959730883
E8356,0.7979575384843874
E2435,0.04182244502051704
E3067,0.9989101975064173
E1286,0.948939572040971
E6056,0.13498556598949413
E4767,0.09624689948733604
E589,0.5507257740405072
E10478,0.9428275968091264
E9487,0.06565958540471012
E8026,0.9815476425308669
E7536,0.2934888872942754
E1127,0.5481374278604811
E7741,0.9999497826784152
E1401,0.07731506740649914
E4975,0.14699250431638552
E1614,0.5881646356607018
E10403,0.10563282321265856
E6443,0.2405388334973841
E5679,0.36888745568583275
E5743,0.16678842524917845
E809,0.10408955471706553
E10461,0.24572429931035372
E7124,0.42231174610645694
E156,0.5789766798778516
E4247,0.8091235385879504
E2889,0.9891061927682641
E7965,0.3808162887073806
E9311,0.7635169424091781
E5717,0.49312840173394235
E7171,0.8748557694728033
E7630,0.8176293650279981
E1369,0.6784807713448203
E2603,0.828284878383977
E4775,0.572919218132603
E3489,0.03203596430020196
E6138,0.9977009273391136
E8409,0.12634217980974113
E7256,0.5635259959994644
E4055,0.9861946218058477
E9425,0.1656558317500338
E1320,0.8776419824442191
E9609,0.03159509896836394
E829,0.9732570102336285
E57,0.8740193220901818
E5385,0.11456141965833268
E10104,0.3071348108922197
E1299,0.7445784935632427
E7106,0.8884200229345706
E3923,0.09280896174736314
E374,0.6005499439881994
E5351,0.1104465300120832
E5953,0.999866503723964
E1129,0.7892534741377913
E3694,0.1843066652553451
E5987,0.2473652800268912
E6232,0.995536280673091
E2475,0.20398921652269036
E9120,0.2041988932004057
E4653,0.08805295880614052
E7923,0.7898018783790901
E9814,0.20564947922138685
E1669,0.8177755938317324
E3294,0.3667877188801989
E5832,0.3539518128264488
E6394,0.9803191198382812
E8637,0.44194039545204095
E9402,0.9715439032617493
E2660,0.5927881735039475
E9998,0.047198902720129825
E2520,0.15993293911801398
E3897,0.2273115080443546
E1574,0.10469611148629103
E3523,0.988737212267382
E9715,0.176045955470172
E2431,0.17601305169565093
E651,0.028587301219120613
E8943,0.074923464609745
E3853,0.05280126282736853
E7459,0.8485159350704595
E7532,0.0776721244416024
E7275,0.8716070325644986
E2377,0.8964457235594836
E5369,0.4837366696919952
E9163,0.5771206439769362
E1562,0.10160644516515338
E9796,0.11041530947868632
E4691,0.16106399576782532
E9478,0.13244115587528593
E1408,0.6263417513026045
E8870,0.06492438883341263
E8559,0.0629975219135488
E5853,0.08488036753753649
E10828,0.4066903311334011
E10092,0.9800823147679646
E2989,0.22662027082466582
E556,0.844393882977254
E9231,0.3307677046771744
E10554,0.03376331907913604
E5309,0.9894066739163767
E5033,0.9993092948868848
E314,0.4058632609527259
E387,0.04745167048805546
E2170,0.8789120631185363
E3675,0.13603846622982146
E4528,0.16556635143548823
E10641,0.0720983467421061
E5590,0.9864430931220836
E2308,0.25925855404922105
E6285,0.4255396148530262
E1548,0.9509576245710846
E9612,0.06435034417263773
E10360,0.6892339744649357
E10723,0.7631246318904075
E10256,0.09281227396884746
E52,0.8290109769765247
E4542,0.9902949588244211
E7102,0.1399466474203147
E7129,0.5004032697666851
E3280,0.7787916011338997
E6713,0.9761626995599714
E9602,0.2971227128842939
E3670,0.9741625346357028
E7733,0.1222651860592146
E5695,0.3873265021828396
E2107,0.745256613743074
E8785,0.9766145018121714
E4225,0.19081805018792244
E10177,0.3352455637101091
E7267,0.11614081794626982
E10589,0.821750598990176
E1741,0.11950612550522097
E10632,0.9980049145362178
E7955,0.8693305509135265
E5978,0.10732515576656104
E8824,0.6121446598162852
E3245,0.34650103698705526
E8040,0.20586279872469587
E2417,0.17248588999000974
E334,0.05948684311630626
E4568,0.1561466204431067
E3502,0.035057163078107335
E4861,0.6987435536671259
E441,0.29012274940449395
E6239,0.7861749551491191
E3805,0.10604722253656852
E6252,0.13891101883955714
E7194,0.5688206979235334
E845,0.34529141443325234
E6033,0.5265370040798022
E1305,0.9991948993147819
E3373,0.9997243340729863
E3799,0.2308827535236768
E8235,0.7575892661024501
E8564,0.34191620113268595
E376,0.563601130185967
E10830,0.55190270000402
E8070,0.11494697584901462
E3133,0.6075510177306374
E2813,0.9633634567143087
E7622,0.9990227437542943
E2048,0.9996064333999365
E3299,0.6244360000795562
E2029,0.5783587019501275
E8182,0.7663172605343097
E1403,0.13078431087251105
E7420,0.996688166080045
E9279,0.8471583527683969
E2320,0.09925148545839348
E3382,0.48957267692326256
E3128,0.3019018839295206
E9520,0.9986449769535943
E5297,0.9625644469263411
E8554,0.3850525058155662
E1638,0.8283345847729958
E1304,0.18442492367178964
E735,0.7689437235081986
E7840,0.10788414286177568
E236,0.12527124974842258
E2697,0.9272139196688602
E9481,0.6981016083216484
E10166,0.028368397806496196
E95,0.42893059017759494
E2278,0.07449296223862253
E3304,0.1679114470189204
E9222,0.5426938482505861
E358,0.08290654556242644
E3490,0.35414307562813924
E9380,0.9145762043444449
E823,0.9996222032546369
E5138,0.4035687462076416
E4223,0.4421566909197121
E10462,0.8529766570750366
E8792,0.7825411688349219
E899,0.7212652550020767
E893,0.13910936860272743
E3045,0.07822528229140915
E4490,0.9084611191287282
E2147,0.06853390655165457
E1428,0.5157199556322998
E9959,0.8582812616797214
E716,0.9955283763318864
E5962,0.9784654712990628
E8782,0.5663338688788586
E2324,0.8857449064419538
E6309,0.9999150432083042
E2562,0.3610709548738147
E5013,0.9797970429384245
E6273,0.1273300217485595
E1970,0.03602970875685452
E5885,0.10626659727496887
E171,0.17062327007350334
E5845,0.7719591295195452
E2092,0.9991359814890259
E2316,0.5808422334454473
E6766,0.24484332466991401
E3438,0.08534246885407219
E9567,0.3119442006774223
E8707,0.5882752395319658
E4437,0.18837874683710676
E5765,0.8866075322199797
E1185,0.9073218162235254
E359,0.12057315990543206
E7561,0.12446037818140858
E7640,0.5495991391993054
E3388,0.42008440617237325
E877,0.9995822004173058
E4143,0.1288962223726419
E144,0.08293022338690509
E9684,0.6256468086812306
E9678,0.7352310347240869
E7511,0.8494678907418083
E9938,0.46490246232679017
E10289,0.10316243484388292
E4472,0.04733823661002484
E1272,0.9760323241703879
E3976,0.18833865256728197
E10734,0.9869868911849519
E2297,0.9561701460892961
E2725,0.18397282229114403
E17,0.15417479517731633
E246,0.26346557142801313
E9505,0.38998795066112263
E1806,0.5387287758615805
E2784,0.1943652541048147
E4208,0.27838406587688325
E857,0.09059130068942918
E7109,0.988617483691761
E3903,0.4220785046965499
E10057,0.4370276310380112
E9867,0.13326433808063828
E9486,0.9992001602982903
E6700,0.16030054996293305
E3548,0.3851272047511556
E10581,0.7843083710212769
E2254,0.1439695379200703
E6981,0.4877314023548025
E544,0.24889143468759073
E3482,0.1994817592625815
E7726,0.7455486343961524
E157,0.359092798416966
E5979,0.20890787002650668
E3120,0.6277789872835999
E9777,0.9859408616558097
E7763,0.5809410107148232
E4882,0.8381840622048804
E6144,0.1780615943760042
E5894,0.042714960968213096
E10490,0.49284928542877143
E4250,0.48728525185525967
E1247,0.9967191507763844
E10804,0.9951537383456411
E3284,0.25056144863838076
E2849,0.977693167026356
E9043,0.045120474941346154
E4809,0.9695651594676479
E2936,0.12377161470710923
E9110,0.29942050669331854
E3564,0.14329779328207845
E5387,0.1739269197792682
E1645,0.031221942069183342
E8957,0.08929617700683459
E3579,0.16004976436727117
E539,0.18543815445824655
E8447,0.1812335137419085
E3730,0.9936695300425133
E6821,0.3422424460224883
E6249,0.997238577063949
E7415,0.5512198187824774
E4047,0.2813869808033831
E4070,0.26731018021411074
E5392,0.059516422724572575
E10061,0.196757727717729
E2893,0.0968072108732645
E10673,0.9943120215216272
E5674,0.13541575157854924
E4713,0.05598278388619018
E10335,0.4054333807490124
E606,0.9858629862828989
E743,0.3439535455927628
E7828,0.9641440699010179
E2915,0.1242672253089093
E256,0.365187357627289
E473,0.1370072275595913
E9218,0.8915517766353668
E7550,0.7066178354370858
E1571,0.09515512058209405
E5980,0.20749244070682651
E3020,0.41915365977529817
E8048,0.5883840300461095
E2504,0.073578961670069
E5703,0.9996513416981483
E1955,0.9944999606493443
E1862,0.1536966800037725
E8649,0.19908242919276728
E2772,0.2462969568395147
E5050,0.15645572766479318
E6115,0.19128725314714018
E3889,0.0954972757375142
E521,0.589807560940077
E4839,0.9282979811391868
E8795,0.42156944507790167
E4755,0.26367784590608767
E404,0.999118888114855
E623,0.5628694781015949
E8173,0.4007510059314815
E6439,0.16764489368885505
E1132,0.7180455751480744
E1888,0.39549533287311783
E264,0.9897013496400437
E5682,0.8146162554772551
E8288,0.3656166753499946
E6758,0.10945987617899537
E10676,0.8010390974418756
E8017,0.8035597640418387
E4344,0.7880595791116943
E10714,0.8582812616797214
E417,0.16628223826001276
E6694,0.08066874687344083
E2716,0.1879387798328128
E4032,0.6086762233919264
E4279,0.9988381134243888
E162,0.06857606251385366
E5977,0.8759398689727994
E3135,0.10499812786750955
E1462,0.5927802385106091
E5934,0.9848941294759879
E999,0.4063620561813232
E6097,0.7751524191631937
E6053,0.09116448861421753
E7481,0.8666061363892299
E10433,0.3713395761768426
E9053,0.4216431658208218
E7277,0.7412513438427032
E2288,0.99904846220682
E5870,0.7202667190699952
E2152,0.9846314416501051
E5974,0.07592794121761232
E6206,0.05160362138969292
E5088,0.11685284808760374
E6955,0.051606573564964404
E2523,0.08998254028423949
E910,0.21727240072842896
E5920,0.7394579100521623
E7495,0.12921352586988546
E8911,0.11743471468819813
E5804,0.7294178055387652
E7677,0.9998933741213062
E2677,0.25203226041768645
E1879,0.48163296200478833
E3918,0.9815173562038397
E9879,0.4782126295933251
E423,0.14493878618956402
E4431,0.05046809846945368
E9348,0.6585087793954993
E20,0.849546362909829
E535,0.614808529366527
E111,0.08389888405154013
E10639,0.5976872984239425
E8037,0.3172221978113892
E7054,0.995484486617761
E6127,0.9807878114008091
E9455,0.5348572387992302
E3025,0.8146162554772551
E1892,0.3213411864144664
E3440,0.25404808513763694
E802,0.152478191105592
E3327,0.8362612282220271
E9579,0.2111331409856054
E7147,0.502447168576536
E4176,0.7349837471235491
E475,0.10046651025542394
E9440,0.07350259839291474
E4202,0.7426623764298965
E8688,0.10771434075273273
E4524,0.8244608786575216
E10033,0.7829287042106104
E1001,0.9265332919662291
E10518,0.13307637611907447
E3471,0.08494934035874477
E3547,0.7918598084983086
E5756,0.36223197944835606
E4094,0.7933260894287515
E9503,0.9967310360600568
E5334,0.7158292004452862
E3734,0.4623418165713189
E4660,0.13776674507001757
E2371,0.4091083970745007
E1916,0.616553470579967
E2741,0.3859573861932397
E8618,0.25814591426778655
E7951,0.1256669321965103
E3454,0.9598779115572952
E8698,0.9510853370652598
E3153,0.9785618697570011
E7165,0.20075811593357498
E835,0.1028802082557913
E925,0.4161026170368545
E2162,0.7984292812568932
E10572,0.8018938281783111
E4295,0.9971505656735586
E7666,0.0807681900036208
E9626,0.9929668811248711
E5341,0.15994708200046767
E7870,0.5919476810279684
E6031,0.8627650944167314
E10784,0.5093489523593179
E1066,0.5985353589025524
E390,0.04559678033870775
E1744,0.4599724589040245
E3944,0.39548832179824916
E4420,0.16665078643963172
E6774,0.8672496395778394
E3333,0.28432422540045393
E2080,0.9996926208998875
E6798,0.9273677070391653
E2876,0.7666646166169074
E8473,0.0804197724014312
E7980,0.1578508603607314
E6451,0.07992040221568363
E10625,0.1174326390144156
E10404,0.8786218168633598
E3818,0.014674164714459904
E641,0.401396439559742
E3521,0.36014622760624065
E6791,0.14808281941398627
E7837,0.17054489222448427
E964,0.08231169659721015
E4499,0.19546612429937166
E6741,0.8427463466398863
E8033,0.9991188612487557
E10190,0.2706523725047324
E5500,0.5493666709356102
E9885,0.16145565525634903
E10739,0.11332041205699415
E54,0.056379313635052504
E9121,0.3511541639634401
E10242,0.012189143907904135
E2863,0.7604569500926541
E3366,0.99972644222259
E1730,0.7640381645150455
E4710,0.19290752600183408
E4454,0.13986125435365052
E3835,0.9650980513478293
E2722,0.9942351603859532
E227,0.15181421289534017
E1913,0.1619924625862111
E7587,0.4683528523513853
E9215,0.11063087215501026
E8666,0.14413402992527025
E7866,0.5560207011322451
E5693,0.10789752146897298
E6546,0.9927026474643614
E10069,0.07117578934137703
E8122,0.11046508330771193
E2161,0.47266789919075164
E1099,0.837559131360962
E2627,0.9827654889594764
E7176,0.8185320039442351
E4811,0.12038257195372128
E2005,0.34684980793365955
E7642,0.06527129726052837
E3224,0.1435772616473551
E1517,0.7442885320728652
E4156,0.24083562828864413
E5816,0.8962285568549418
E7012,0.05543445004702584
E3769,0.9963530344018997
E1195,0.9993293583266125
E8711,0.35047661569926836
E5781,0.14244723689223104
E4899,0.23703096486919886
E1126,0.1256569386997565
E2407,0.3851618849636374
E5523,0.9987688747819693
E6883,0.9913281402123114
E5331,0.4062082222468315
E6111,0.8194738611232115
E993,0.1250571905891688
E4847,0.9511419734655625
E8029,0.8529237570681699
E3892,0.9800190316233178
E5925,0.998538680537216
E6201,0.9399934062573856
E6379,0.08734935220669873
E7398,0.03985541341594154
E5112,0.9976341568072207
E10550,0.11936588264266702
E860,0.43220496889362864
E888,0.953141334537652
E5672,0.9993528656590518
E7826,0.9210734049893335
E952,0.9552547414986476
E572,0.8354339297167245
E7557,0.96161430767259
E4370,0.2130125667486592
E3214,0.5589309940753787
E2112,0.4928494753795912
E270,0.6075045161007769
E10221,0.8919185183925361
E1570,0.7345734811606609
E1140,0.2719917521567214
E4962,0.9965836903000108
E2640,0.03832937327350177
E4664,0.9909922108702165
E9989,0.9661850279600751
E1592,0.18508097046193897
E9150,0.09106270889747918
E9492,0.6404151776213406
E10315,0.0618233149202766
E9214,0.19319503764102833
E2500,0.8014226753984426
E529,0.05515828089494542
E8247,0.9467285368440195
E8562,0.395062935538886
E1153,0.03281817198986837
E7114,0.1138897242273925
E9870,0.3647766781872588
E7407,0.11904807456488871
E5037,0.15754291322996133
E2014,0.865757278954096
E983,0.20743820531838825
E7716,0.14083276406393302
E709,0.7003575907009045
E202,0.8774469337151816
E449,0.9999003190817379
E4029,0.15427659883048134
E1022,0.8949872855713396
E5225,0.06526646810974705
E766,0.08701609692868503
E1593,0.623731948567074
E6428,0.2876331636072622
E3643,0.08179639459287023
E6347,0.09283839405056551
E4984,0.9994315726911717
E6802,0.15112583042872896
E9519,0.2522259766039561
E4622,0.1023463643497712
E621,0.7684741514722134
E9408,0.22140563555363527
E6737,0.5218079283770266
E1040,0.7813795988489532
E6196,0.05383571421857158
E2251,0.5285234422673679
E5319,0.999711033769101
E1166,0.11752619946395111
E991,0.3593014714485863
E5834,0.9965389374633232
E9667,0.9993585562897236
E363,0.6538245541967505
E6487,0.037619122865784664
E474,0.042964233744735375
E9127,0.9912946884077166
E10705,0.8987883581290946
E4409,0.26042697367810214
E6125,0.34462223948662857
E9276,0.8669026631931759
E10196,0.4061055399432486
E6134,0.2030623916632825
E9982,0.15562630800520494
E134,0.8814027376332507
E10686,0.7944077676993915
E9665,0.5923598305871015
E1582,0.0992661083396883
E5273,0.15952852629146252
E7670,0.8780811352641115
E2023,0.07600172840689208
E10412,0.9947640367273646
E1628,0.23276460688915046
E1103,0.9936098745465659
E5436,0.11660717645518846
E9773,0.999088230696783
E8517,0.09990978598639848
E1386,0.8435196015426454
E4319,0.0625709544358734
E263,0.06945574668466802
E5465,0.1379956252351559
E5850,0.9909283221233345
E788,0.1390829025448459
E5537,0.11063389832347008
E143,0.6980171597663455
E10066,0.999829869029418
E213,0.06690931755878342
E9247,0.18566008088049335
E7962,0.9816816059945889
E2325,0.6176234025851612
E7097,0.8678075377926803
E10049,0.766512084493435
E8989,0.9823489012329747
E10209,0.9998191633898964
E793,0.6091711390421911
E2456,0.9978240022110917
E6048,0.9551149306921853
E5067,0.9188034148739652
E1373,0.9999156476819197
E1076,0.34497034657389825
E5751,0.046728107514791443
E10843,0.10881873975100137
E10772,0.7272700399641836
E1183,0.9999258878163815
E4891,0.9855936285602592
E4157,0.9343444806701234
E592,0.15686868775932677
E10215,0.8183040209223332
E3033,0.9249516448036582
E333,0.07097455375519465
E9420,0.5922108504229647
E4252,0.1453630127731724
E5798,0.0935793964086352
E8732,0.6346910088777798
E5272,0.07822119083152283
E104,0.5165948708852883
E6279,0.43538677949854854
E3978,0.9896705487958484
E2527,0.38141891023495605
E2824,0.3238957453407118
E9268,0.9924504909275652
E1784,0.8104020057079115
E3862,0.5150007009834748
E7945,0.11115554931162366
E1885,0.6403548223473333
E5778,0.9787502734083348
E4131,0.46439450836080765
E9156,0.029136596047338675
E9109,0.11744262230827615
E10096,0.999933898530415
E818,0.15881813168140177
E8216,0.16196325483238755
E7212,0.9997888203677899
E3858,0.08445334546774501
E5543,0.9993658369537987
E3375,0.9999275546361863
E7422,0.9876016902811452
E10445,0.33851164594021543
E2025,0.1140968842579596
E1936,0.8208838140560821
E9571,0.12382212228024397
E177,0.39239073007683
E80,0.8342228665252748
E729,0.7512920634743857
E10566,0.11900762358166332
E9050,0.22654558695872823
E1237,0.7127078005256591
E8168,0.10546758518784316
E88,0.401396439559742
E8641,0.21266946305770035
E4754,0.10636327868510616
E9676,0.7210254117001708
E7070,0.5712633757791793
E9916,0.9922392294124696
E7593,0.2321545111362992
E10807,0.26474165268845723
E2563,0.20692328572931418
E8841,0.5535425352048309
E9914,0.5624441894271576
E2259,0.27361244005282037
E5128,0.05720576233407825
E4139,0.07386785459763832
E6066,0.074708595852906
E583,0.7689925605475236
E1006,0.06371746314764185
E10156,0.5794113956468282
E5372,0.9082676643128684
E5676,0.11378466840825933
E9349,0.9914059272235267
E5010,0.0701325065742971
E2351,0.0393113193641628
E1675,0.1426745279302223
E9595,0.5069021752141193
E3940,0.9817599099786299
E5677,0.8925579055789618
E6195,0.9999248615928227
E9926,0.5491695466319323
E2473,0.043721660116432644
E9637,0.20199092089541054
E8617,0.12341012261697551
E567,0.40798734587400026
E5509,0.13387961747299174
E8367,0.20127143732141273
E6995,0.07604123466880351
E4493,0.9907595664485157
E1336,0.9904692960240495
E2135,0.8424094888879401
E8183,0.994523260010842
E1927,0.10687089941461374
E1333,0.16187987834863352
E6653,0.972797014754845
E7364,0.16244665885875195
E9775,0.11114572694855038
E7222,0.19372141202095924
E8869,0.043612348853416534
E2851,0.586604714112264
E5110,0.08452995492227948
E1867,0.2168599797848453
E8910,0.9987149825796773
E4704,0.996281739411718
E10261,0.9267186871485047
E8186,0.9400918653857868
E6438,0.2614861898958435
E7624,0.6574935647202517
E8031,0.4317084730378715
E6039,0.5471276610053271
E7509,0.052096546353178855
E10388,0.9747649577007517
E4478,0.9011730402964544
E6514,0.10529109750315477
E4782,0.15376533770026293
E5983,0.17811128870044152
E4299,0.28901055036236967
E3824,0.09313279558728747
E1422,0.14226548188201016
E5533,0.047063775855758584
E2687,0.05903920888145122
E755,0.5004032697666851
E785,0.13881605142421036
E2298,0.2107649271664926
E656,0.46472028613729277
E8426,0.1253440012337207
E6060,0.9982543195010655
E5658,0.18369015438837177
E2979,0.07953667180472962
E5019,0.12194564173561881
E5840,0.1258595610004595
E6537,0.5721733763398379
E6227,0.8663336107511272
E1977,0.9108310283435023
E1866,0.892361483962528
E338,0.9368322412308434
E1468,0.9913796380017612
E8845,0.2553542463021948
E7482,0.10873509252628949
E2892,0.7699057455282453
E8286,0.8529766570750366
E1241,0.8251022155459742
E8538,0.35498563060218424
E7454,0.25640398359488664
E9345,0.17399227104828496
E7282,0.5115372002079521
E4731,0.29314163974448865
E6921,0.258800652436272
E3439,0.6832664594584337
E6092,0.1464982493265493
E2392,0.7552953540200957
E4012,0.3960095810601984
E3208,0.6536682198408004
E2530,0.17377595797913445
E593,0.20396236980639265
E4456,0.989909039525188
E9580,0.991895797826076
E6890,0.2696252832716629
E5323,0.8337661450088254
E7424,0.9995296724227453
E6270,0.5221671026944753
E1396,0.13072615806552837
E6421,0.07026568486795483
E9789,0.9116627659042649
E7036,0.1971233729721611
E1886,0.09910680955168645
E4167,0.9946824319729224
E10502,0.20850267047051022
E8237,0.37076200309305524
E1714,0.5867217223398494
E2548,0.4997635895290089
E2261,0.37644874576578724
E1450,0.42025964946638344
E2840,0.16078986809447857
E8028,0.0719591614684882
E2975,0.9985739259391219
E7216,0.16750550991992116
E4678,0.269359810131477
E1667,0.9934976462840284
E2685,0.07398428200125633
E3926,0.6225593011222473
E4432,0.39217140587780946
E7219,0.9997870007926059
E8479,0.2978791023303404
E3093,0.9954189036228931
E10055,0.11498525625688273
E1454,0.12622067351324973
E524,0.09414488668642017
E8745,0.15068059585267912
E6740,0.1470320139779418
E6695,0.0614799333727699
E315,0.08457374688421651
E6526,0.999865166715052
E2271,0.6295633572318727
E2281,0.22800540713404402
E5086,0.9212603915136184
E5896,0.22568113037600654
E852,0.9965309088841723
E2498,0.9916515840485124
E6783,0.9858640030467011
E6173,0.3012653044681472
E5865,0.010482290447391907
E10580,0.1151119663071599
E1753,0.634838647211418
E6818,0.2141847941500425
E9845,0.7004284962107648
E2550,0.07574465379127406
E3390,0.08250017985050975
E5219,0.9777685474795509
E2995,0.9945157671651597
E419,0.8538568451381836
E6481,0.07058052390589899
E4049,0.32290681686118716
E1693,0.4937807460468583
E4519,0.8048067213506582
E105,0.7964280714882308
E9421,0.0944193497503596
E8039,0.4085270237156333
E2665,0.4972983190638593
E1016,0.14609179703140954
E6632,0.9320403973509522
E10444,0.4932542968367837
E6529,0.9993359859066501
E8953,0.5761887380125069
E5964,0.5620128228058596
E5078,0.1507271933343009
E10056,0.9922621195355564
E28,0.06517146549000441
E10653,0.867086015697953
E4007,0.11894537030803543
E4764,0.0869782981552385
E5409,0.5126402046602753
E5986,0.3665094133584345
E2452,0.1319206001503142
E5153,0.09698878764319237
E6332,0.055640432351460864
E1921,0.8742951570569771
E7069,0.5488608767045684
E8933,0.3028972153354522
E6739,0.9279008716925223
E8090,0.48728525185525967
E7885,0.306236790698176
E10013,0.9941982099607446
E3714,0.17409927311081305
E3059,0.8878413509216551
E8044,0.07754730963461014
E6177,0.09085776246404888
E7242,0.1917445145372473
E5663,0.23510628097052857
E1612,0.24334090860738505
E2818,0.2592601336942234
E6361,0.9977803139400817
E3605,0.45970710486631766
E3722,0.09111590590148871
E4989,0.05214382623442477
E7652,0.18252184628255655
E9577,0.7897620967087446
E9696,0.08561474604640334
E3011,0.06606200774555156
E9772,0.7496809939838395
E9551,0.08238069848494162
E10318,0.11890929580125237
E8491,0.09221897868070443
E5611,0.9794250848496182
E6712,0.9912807278894454
E10483,0.9967457302521856
E7848,0.11858824077569198
E8418,0.39328450308818846
E9360,0.07216780895191498
E8512,0.977759486573881
E8389,0.1640339606800255
E8076,0.6977665116682743
E721,0.7774713780063216
E3727,0.09539238028909706
E7862,0.13399624363484147
E7400,0.9948113002712333
E4806,0.6973707770209775
E1823,0.7236303728627127
E7611,0.43409630055796466
E9180,0.7087154616605121
E9798,0.5210577327029068
E9539,0.11601023869958707
E2069,0.3237734540323477
E5354,0.994087635856432
E8567,0.4555432201767498
E6209,0.37945399560755677
E2239,0.5810284638871798
E5715,0.2127699417169109
E8128,0.9826554189168274
E2007,0.1107778774905308
E5586,0.9460954340015489
E975,0.13752520324623457
E1503,0.19100522418673654
E291,0.6182219257320796
E7307,0.0716112834447335
E7957,0.6771844252802178
E9730,0.3786851871179171
E10356,0.9999034546233301
E9047,0.7278828406051463
E1440,0.9110808347465287
E337,0.16799330844253516
E1158,0.19704919950257424
E3742,0.08361373314866168
E2819,0.15795107063290975
E6176,0.7915358860091574
E1263,0.23988058322456204
E4668,0.565479596500055
E8341,0.782269296451211
E2638,0.0938575522169944
E3990,0.6576728293076547
E1221,0.38426256795522323
E9027,0.7022000266279872
E1873,0.1088700099533334
E5030,0.9012063083455534
E2507,0.1821190869509226
E10158,0.8736655702213081
E6666,0.5718681339595719
E5541,0.5631060852511959
E312,0.1652930935223796
E1724,0.46537838265179626
E316,0.04572320546599362
E9908,0.16823286171166738
E5350,0.745256613743074
E9364,0.5640412404768261
E4624,0.9995629948357964
E6498,0.17652666234431805
E1105,0.5456105346523663
E9622,0.08259174148066803
E2822,0.44229039993056535
E6723,0.6771135645872983
E3311,0.2290925978370861
E7082,0.688059560521361
E4895,0.9052930839159087
E3308,0.686127074156972
E663,0.9900268520125144
E7931,0.29153604770441166
E9578,0.10533166748101098
E6307,0.5244296092862706
E10728,0.141816118951371
E7591,0.8017820726791747
E759,0.21576498348182194
E628,0.3777699206772906
E1366,0.6472999365227396
E3077,0.6252799052682375
E2348,0.9111948038516227
E6925,0.49678042540815665
E7708,0.4079860861791918
E7333,0.7030442109166589
E7784,0.9893262339255622
E7756,0.663400121176911
E10363,0.05728421220757383
E4656,0.8751201860327074
E2775,0.2967739048504924
E9731,0.2614586581598626
E4513,0.1893995223541185
E7028,0.020897948156091143
E1536,0.983489418267173
E5289,0.9135813317421043
E9872,0.8472319956508382
E10079,0.8134583577051514
E418,0.13562771391125256
E1400,0.24677100914274852
E7081,0.2159870328182116
E2935,0.385758271760605
E1710,0.052405360729652926
E7794,0.9595319619894433
E2415,0.06085846846056748
E6825,0.5402153265984446
E4688,0.9502385330656418
E8434,0.20199092089541054
E6465,0.46437537228633696
E4140,0.3004916933809858
E2781,0.407646559788973
E4192,0.2389813767068798
E1361,0.12301690664127791
E7500,0.09485519964528485
E9157,0.5980313701277726
E9042,0.8083955044447311
E8613,0.16050932295845055
E9847,0.08688766818399211
E98,0.45503548811805256
E1150,0.9992169787670496
E2019,0.30230397253179425
E10026,0.2270187601595473
E3831,0.9998616167567776
E937,0.7950296138185856
E2954,0.9969038989805126
E5237,0.409198858223861
E10682,0.9941346276051871
E10753,0.9492394955104838
E2302,0.9997743697205997
E6710,0.9974670238928539
E1902,0.25782022786897907
E861,0.4573067878272416
E1004,0.10940118410638827
E1523,0.9893399363918443
E4084,0.9988785583202603
E1735,0.07961251080827636
E1371,0.06368715967584941
E9651,0.15292032229847188
E9294,0.3341795231093457
E5852,0.9043401345587548
E6295,0.8439947741456826
E5361,0.17101530119842426
E7205,0.9968099255377861
E4269,0.8249280193978324
E9426,0.9975284968893269
E9075,0.2238983304194905
E5489,0.2364951113964732
E4598,0.029467383839256255
E9036,0.09673606512345308
E3609,0.033743008816614586
E1134,0.27859514042107536
E5023,0.9841412052281511
E4560,0.14204785789878194
E7588,0.3878596210327204
E4735,0.40195301924299487
E5070,0.8861083027627814
E8709,0.9999396821046467
E10556,0.5514026323848381
E4793,0.6230902833940284
E5,0.9086183031464465
E7590,0.45623298885586216
E3894,0.09353732042103076
E9804,0.3633473746340418
E8521,0.9998572180963253
E9407,0.9191064846926086
E9161,0.17294737238844493
E5946,0.539922793039931
E8773,0.7166204672384334
E8839,0.5982250883248881
E10446,0.9900654645834728
E5024,0.1504207738263443
E9538,0.8141461808898407
E5973,0.37532933494140036
E3569,0.41185331791612195
E3893,0.7410070577814476
E8404,0.15352513778001756
E6675,0.2918973195703578
E4276,0.6214037836440823
E5770,0.7217730504136392
E989,0.9616053653080869
E1670,0.16663171529312404
E10481,0.15184020256184694
E10587,0.24331503104728358
E6658,0.9895498735892078
E7370,0.12723470622949618
E7188,0.0902435525762759
E5167,0.4346605157815186
E1791,0.23532106737099806
E5501,0.9997481643517693
E4554,0.6803902716664507
E2556,0.07315756214894595
E1349,0.08780832638926943
E6906,0.6263736258831935
E7445,0.057979518592701985
E455,0.07027356647864735
E5837,0.6528658156170531
E10112,0.9929383317218455
E351,0.6926108155097895
E5330,0.7078345646790952
E7703,0.4785510825699729
E7766,0.5317889922904345
E1725,0.19216912952556953
E8209,0.6809619297767793
E2992,0.35055481530647375
E6931,0.9966347775008874
E684,0.3038941727742674
E3302,0.9370035758153112
E503,0.7018857454699041
E5152,0.07686024114680126
E209,0.08518011872207622
E9,0.9989462888728852
E4226,0.771342265237337
E7933,0.7626433452533432
E6243,0.06440386606456629
E5694,0.9692979942347825
E9566,0.1975117499572781
E5394,0.08090895630283923
E2356,0.6600486730369237
E5007,0.15778779972577794
E3118,0.2799036764303804
E6484,0.0993255788331988
E9045,0.4815421715046338
E10320,0.224887309162019
E2443,0.280740681448202
E3223,0.7822245833018036
E6179,0.08991444757365635
E1186,0.3161616852508263
E9694,0.9811002383314652
E10451,0.9904475934362829
E4862,0.060895475569395875
E10532,0.4438198480182815
E10820,0.7773945841264549
E3231,0.6087447510834708
E8322,0.10381289294302616
E3075,0.9961057511493001
E2565,0.037751306656374876
E2114,0.39065993301333446
E7087,0.26859364230763183
E5339,0.13389037213764945
E8786,0.9928184177455035
E2505,0.08574249789065662
E3232,0.33265689725597397
E5399,0.8972626265855953
E498,0.10091894270025477
E1507,0.41695408812301193
E6607,0.09847121029950744
E4933,0.139816473796535
E4701,0.9996021813147649
E87,0.9931786429325107
E1220,0.07455256995707185
E10810,0.7651156751073097
E5412,0.9313250074265346
E2714,0.22184989355621582
E2672,0.9304113377881389
E10608,0.30640960926659433
E1542,0.8603667102416752
E7776,0.800791747697314
E4404,0.24388290003774388
E10351,0.16239341781334615
E8096,0.3434552698342004
E2202,0.24912697779801787
E5044,0.9946977998735276
E10497,0.3278048004736153
E3863,0.15661120026141856
E8976,0.7682089641573888
E4136,0.9991686338400282
E3682,0.5932442426198526
E2762,0.9380999613217763
E10707,0.06441659563779052
E8167,0.7521624209518797
E2879,0.8792554832431038
E1013,0.9873189282621844
E761,0.7624139481906242
E3181,0.08832323776254139
E2391,0.08809568046508455
E9255,0.08042238192012803
E9657,0.08809493348910873
E3828,0.1779016796448365
E8897,0.6757461043478864
E8300,0.06705812792567832
E8595,0.1459035684064562
E3812,0.14708946291685185
E8673,0.0929954743615307
E7262,0.1946679072574996
E6185,0.1065976919411861
E5519,0.04966567179635538
E6991,0.9180020916589253
E10732,0.8006521849582849
E10744,0.05037012557388523
E10354,0.978980578670594
E9631,0.34718176218900876
E2126,0.43371295417098266
E3878,0.9910553789824859
E5182,0.820081658667947
E6901,0.16929183395581412
E1341,0.9500786775410633
E8972,0.5176831586766728
E9184,0.2183304549342848
E6787,0.113673739685801
E3460,0.26997552954722365
E5371,0.03130291296830787
E2753,0.7554556949253362
E6764,0.28997200291502123
E7829,0.18132141031555
E6971,0.9780968943805808
E8075,0.18356688338236454
E9060,0.09547905160483265
E3044,0.12475075305157547
E2491,0.20221025751279437
E8760,0.9895293805030437
E7243,0.2991942865020809
E3775,0.9981596537963727
E7388,0.9876056657875121
E3171,0.25782022786897907
E10019,0.9913749055557974
E9829,0.6953912620142827
E5068,0.6811866480971066
E9600,0.15776321479578737
E4836,0.4135021490825981
E8544,0.02160192865839178
E5696,0.26623389777329776
E1900,0.08008226364916472
E9351,0.995782368422859
E5646,0.15603641632763546
E10553,0.49606146692718744
E6457,0.9990267271308029
E7709,0.9987445499733102
E8930,0.19080367498512177
E8492,0.8563142914793817
E5065,0.36890673037890565
E5264,0.012399337367240536
E9257,0.42019567345737036
E2441,0.19969057510042976
E10391,0.33617576290422924
E10779,0.018884356613659364
E4874,0.9907804840894742
E7217,0.7622253428808394
E8260,0.17978670732415455
E7730,0.9998781558984211
E10244,0.1353627104892598
E10098,0.09373636544840554
E7376,0.06876249684426594
E3733,0.9830854773954398
E4936,0.9696583874655357
E703,0.22946948255873123
E1146,0.7069942606853137
E8608,0.34551574587693884
E6665,0.7412476855758224
E4259,0.4730466974780376
E1031,0.7495061260748691
E2986,0.715153204650053
E478,0.16637217713469754
E3470,0.8488888655277306
E5241,0.10749848985937309
E9980,0.9210043252888975
E10720,0.8645003879455392
E8746,0.9619889145857815
E2509,0.9548933082998289
E7096,0.7593348800790518
E504,0.11523206442327895
E9719,0.29389458119176065
E708,0.028123335180636037
E2732,0.9313729193606309
E9069,0.23864100765545648
E3780,0.8210349060500309
E6616,0.6275164354543189
E1356,0.5711817976991527
E2467,0.46991329409035837
E3350,0.4636270948623384
E8686,0.954603336476504
E3888,0.27692779694800645
E6509,0.7305450097865988
E6167,0.16893049458510512
E6749,0.1490233788822385
E3624,0.17900070714427613
E2398,0.8577141952725666
E6282,0.2602806975165106
E5636,0.9731858901886576
E5675,0.7473438000953582
E5884,0.13086522208057344
E9905,0.9270127102856276
E9754,0.9985317990221849
E10007,0.5850895658472309
E8716,0.557588035153032
E5960,0.9775085729238134
E1229,0.9999195995888032
E1545,0.3122653755910619
E6858,0.9960001250755693
E2199,0.4051029210493528
E6108,0.08781819995940025
E178,0.9241440253090892
E987,0.06176567497064567
E10084,0.21827681120124443
E1797,0.9966266723244428
E7531,0.3935915917927855
E6490,0.15823573559474882
E1419,0.13183509671560778
E10257,0.6587879746624683
E5115,0.08234871325946397
E1512,0.524498049951795
E1864,0.19305231820543953
E9561,0.19453721305972158
E555,0.9806092783477453
E2966,0.1600131008476704
E4663,0.10631524543452772
E558,0.8483810608862026
E5238,0.08084437375456079
E4134,0.9086183031464465
E3483,0.07321586228125553
E2234,0.5366296917303489
E1391,0.9916949900953885
E2064,0.3033645690780791
E6152,0.9764135383154926
E7493,0.7281421612886098
E7853,0.9986909359596601
E673,0.9818463015658312
E2634,0.1084696866520282
E6388,0.1072903266494623
E2260,0.8328274915519448
E7515,0.8182101517420339
E6049,0.049622365230322964
E9587,0.5518356146671208
E58,0.9874766025346066
E8124,0.20362508412745753
E2474,0.25379699964193153
E5299,0.04249757136189172
E3169,0.9679126718178226
E2003,0.0963019534042581
E352,0.9407985830961703
E3925,0.3728784392791799
E5430,0.03986820659776865
E4981,0.6695694495509608
E5488,0.11222179321923041
E5968,0.04817471886493844
E5951,0.9919590274465715
E3590,0.17213988736350186
E149,0.29424241126897566
E1700,0.07450289107430566
E2777,0.2949392495366016
E4520,0.9998439584072463
E7947,0.33928466603791324
E2513,0.32520087389375585
E4145,0.9467372417678178
E8292,0.25574050999246467
E2307,0.22040700676920882
E4872,0.7699057244102273
E1922,0.08582497448714935
E2631,0.12396699321482069
E9736,0.11561904661379474
E9341,0.045243994174443906
E10856,0.5399228522645368
E1950,0.3559803822730482
E3752,0.40699003317990234
E10029,0.1727342671437085
E9508,0.3237727101780759
E9165,0.5317221037007063
E10425,0.7294178055387652
E833,0.18198758433505544
E4118,0.7087577017088525
E249,0.6382539828892547
E2681,0.10199400960471972
E10042,0.9994634647436138
E4110,0.9920623520689935
E6474,0.09801877387500642
E7255,0.9945554695301356
E4747,0.9231287455267291
E5476,0.9998471003280364
E6246,0.9342089309618344
E1952,0.8135988162536368
E7608,0.4715229186928067
E35,0.9867798341554781
E6247,0.12401030415250916
E4779,0.6664803061703233
E10711,0.995286193203007
E6803,0.8964457235594836
E2531,0.08582069089118798
E2982,0.51416003804786
E7421,0.3994695236209498
E6663,0.9974131326802327
E1042,0.10520102128011238
E5801,0.23090004879144155
E6358,0.9660187027568318
E6304,0.5488089471518188
E8796,0.22612916010230943
E7486,0.14395566958800798
E6795,0.8036930507780146
E6900,0.43217523935688895
E5222,0.22969469172707918
E6777,0.07997424094187403
E6406,0.7592400592777921
E9944,0.1533208032152415
E7512,0.8793426803856299
E5635,0.7464053213031474
E142,0.7063536194064084
E4287,0.146256036981449
E7991,0.21458138630722123
E1750,0.9909732195945193
E175,0.6615517749295593
E1699,0.0459106649453297
E1315,0.05619297110073971
E1376,0.6376119522766123
E389,0.09868012048303831
E8553,0.9330787138685847
E6088,0.771328409249121
E8001,0.958346690210473
E5472,0.7024471705151591
E4323,0.09310684275544222
E8254,0.2934948691842376
E6788,0.19071528844349525
E2853,0.12972955828667
E10563,0.6473257638749329
E8197,0.7644533852539336
E5093,0.13489891337300175
E2882,0.7335409638140631
E5004,0.14663170390621502
E10636,0.3969116342100506
E8275,0.9916997132396581
E9097,0.3317324807966805
E1421,0.4012060912574993
E702,0.09723734835583925
E9941,0.09257614803909239
E978,0.425389317863929
E5226,0.5756586170197953
E8257,0.15775027410853948
E5035,0.48648751852991845
E3455,0.057116113353558234
E5912,0.2847123660747968
E8840,0.2511821401056983
E2917,0.22138105884824605
E458,0.13308707617351315
E6570,0.9993094561398879
E9166,0.14520305256695387
E7767,0.732074951456272
E3095,0.09792581337940418
E9107,0.9913011381659578
E10189,0.15131634181033188
E1285,0.938680728126141
E1505,0.06637195687668042
E6664,0.9894291103925713
E936,0.08577212584868689
E4727,0.9986542470569287
E7507,0.14555671179612165
E928,0.5913651121492219
E4699,0.9618442185366837
E6231,0.6824732053155825
E5447,0.06516777612578915
E2175,0.12005867301526944
E7526,0.7023359186830261
E1805,0.7618514569260041
E5888,0.9049572312061536
E10132,0.09357893127614164
E6597,0.9997797057949845
E4998,0.9320192972626838
E5664,0.9960162435412894
E3542,0.5691081397038386
E9128,0.9917485545684928
E9194,0.8721850304289469
E10168,0.7340648725501141
E6337,0.8439362819509016
E2479,0.834921236763124
E3253,0.7023437939428601
E1037,0.08086205661461875
E4485,0.9576390014726495
E665,0.12150997819258749
E8165,0.2498223019246188
E1499,0.992926958131777
E10038,0.9928869818929512
E10071,0.9994771506850463
E859,0.22516529737373683
E3983,0.9809820875022484
E9866,0.9913409121966459
E3167,0.18409193545412697
E9765,0.1356893704795464
E6455,0.8048067213506582
E6999,0.2881530455156851
E8340,0.021961813958407572
E5906,0.6029259307043281
E8047,0.9995573830173351
E2796,0.19141777734511126
E7483,0.5216604589101183
E5952,0.09804341779187019
E883,0.36298330934668266
E41,0.753875589434679
E1906,0.26047971685903254
E1573,0.7507735527219361
E2289,0.8727945065316125
E8668,0.2826135984956631
E1981,0.12474385462093081
E9783,0.3603561578017518
E7123,0.9855564993333182
E5066,0.9953900042660974
E1034,0.38998795066112263
E1329,0.20762439771795774
E3839,0.9786584137893647
E5126,0.08853360480823634
E5875,0.842692483096372
E4314,0.9964211023684549
E8270,0.9867773332714922
E10022,0.9789498937746854
E4410,0.9992552587859184
E8996,0.1587330429901566
E2730,0.8187433299337014
E3937,0.05334316146874843
E8758,0.6919695669698931
E4732,0.2948226652222065
E8774,0.5041880065652046
E10383,0.5804327256112881
E1749,0.321804009020597
E8685,0.13456276747546247
E1878,0.9991436992571309
E5610,0.15169571685971261
E3479,0.9941039719506958
E8779,0.9998810076945729
E2856,0.8328274915519448
E5898,0.7535377658136031
E322,0.9998919256646499
E550,0.9364637165433431
E4230,0.1399165332424621
E534,0.9537570247209076
E5288,0.8268816388020123
E4816,0.9997888207704974
E10200,0.5667657604960624
E10182,0.11061459308166399
E9200,0.8966009911381584
E804,0.07654687614395016
E9983,0.09585422946081468
E7683,0.8641353293954576
E9948,0.4068264801280184
E5687,0.864161737330019
E6837,0.9954455390998707
E9495,0.4108976949802904
E1852,0.05540015417231594
E2913,0.799870768989532
E7241,0.2781162084174664
E1679,0.1466298094891792
E10397,0.5123497950683514
E8214,0.20092180274432292
E8326,0.6892944217513166
E8713,0.43747124712328395
E4949,0.6634982201681375
E7334,0.1886231719094385
E237,0.6982728637920174
E1918,0.7294178761228197
E1747,0.16457824794574005
E515,0.27979617790096956
E5570,0.6914063162072186
E5927,0.09370362048828416
E5418,0.3797413837570189
E5883,0.5198990815734259
E4097,0.14358497208649187
E770,0.9956088881085705
E4881,0.6770399849093657
E10700,0.18177337631964197
E1253,0.042948737299148436
E4858,0.5988533256246431
E2116,0.9959740974573087
E10281,0.5734725540628939
E8979,0.7773945841264549
E8912,0.15053642323174005
E1377,0.1416813905402902
E7326,0.1827376294971041
E7944,0.1950706652604585
E3503,0.9529984703905833
E7013,0.9991452363173018
E8921,0.18037566976738928
E6351,0.9928377845189247
E1136,0.9963161922271524
E4206,0.3102693622559406
E8689,0.506288788607709
E5121,0.11810650056828895
E8475,0.11171715383629872
E10747,0.13440590214693413
E4868,0.5978771014984368
E8394,0.1670467575711922
E1569,0.07188690984254845
E5427,0.9895050948267158
E10032,0.9630844905026286
E1998,0.9969151111965049
E26,0.1805671624218444
E4266,0.5470755193517073
E8091,0.757511342160664
E5857,0.10227265942043921
E10062,0.28075262099827597
E10127,0.12840991081053435
E9267,0.03516617476578093
E2664,0.16167685586680305
E1045,0.8218026453349011
E10330,0.9906531627740331
E2909,0.6955481374073984
E778,0.35725192462407146
E9962,0.9868126631222591
E5166,0.09343498147590419
E2449,0.04360337978878817
E9491,0.747810940028945
E7761,0.8085159015500104
E2539,0.6573452955728988
E7304,0.5522101981592028
E6145,0.0679618830387589
E9066,0.8938806091149233
E7993,0.10548096950319055
E1794,0.04505099366877997
E3980,0.64391549840167
E2524,0.7890890699085655
E4324,0.13839583942854702
E1384,0.9888487519372893
E7582,0.9736967945067949
E5209,0.20475086213829474
